{"volume": 0.20955037742041352, "font": "font/7fonts_Knight2.ttf", "text_size": 45.68561872909699, "server_run": true}